"","X.mirbase_acc","mirna_name","mirna_alignment","OE_pigment_PT"
"1","MIMAT0000105","dme-miR-1","gagguaugaagaaauguaaggu","X"
"819","MIMAT0000106","dme-miR-2a","cgaguaguu--ucgac-cgacacuau","N"
"1512","MIMAT0000107","dme-miR-2b","cgaggaguu-ucgac-cgacacuau","L"
"2200","MIMAT0000108","dme-miR-3","acucugugugaaacgggucacu","N"
"2494","MIMAT0000109","dme-miR-4","aguuaccaacagaucgaaaua","F"
"3755","MIMAT0000110","dme-miR-5","guauaguguugcuag-caa-ggaaa","N"
"4404","MIMAT0000111","dme-miR-6","uuuuucuugucggugacacuau","L"
"5132","MIMAT0000112","dme-miR-7","uguuguuuuagugaucagaaggu","X"
"5527","MIMAT0000113","dme-miR-8","cuguagaaauggacugucauaau","D"
"6514","MIMAT0000114","dme-miR-9a","aguauguc-gaucuauugguuucu","N"
"8052","MIMAT0000115","dme-miR-10-5p","uuguuuaagccuagauguccca","N"
"8190","MIMAT0012531","dme-miR-10-3p","uuuggagagaucuuggcuuaaac","N"
"9765","MIMAT0000116","dme-miR-11","cguucuugagucugacacuac","L"
"10459","MIMAT0000118","dme-miR-13a","ugaguaguu--uuacc--gacacuau","L"
"11159","MIMAT0000119","dme-miR-13b","ugagcaguu-uuacc--gacacuau","N"
"11843","MIMAT0000120","dme-miR-14","auccucucucuuuuucugacu","N"
"12365","MIMAT0000319","dme-miR-263a","cacuuaagaaggucacgguaauug","X"
"14008","MIMAT0000331","dme-miR-184","cgggaauag-ucaagaggcaggu","X"
"14181","MIMAT0000332","dme-miR-274","uaaugggcaaucacagccaguguuuu","N"
"15815","MIMAT0000333","dme-miR-275","gcgcgcgaugaaguccauggacu","L"
"16103","MIMAT0000334","dme-miR-92a","uauccggcccuguucacguuac",NA
"17361","MIMAT0000335","dme-miR-219","guucuuaacgcaaaccuguuagu","L"
"18038","MIMAT0000337","dme-miR-276a","ucucgugccauacuucaaggau","B"
"18467","MIMAT0000338","dme-miR-277","acagcaug-gucuau-cacguaaau","N"
"20614","MIMAT0000339","dme-miR-278","uuugccugcuuucagggug-gcu","X"
"20796","MIMAT0000340","dme-miR-133","ugucgaccaacuuccccugguu","L"
"20930","MIMAT0000341","dme-miR-279","aauuacucacaccuagaucagu","D"
"21393","MIMAT0000342","dme-miR-33","guuacgcugauguuacgugga","L"
"21864","MIMAT0000345","dme-miR-281","uguuucucucguua-agguac-ugu","D"
"22185","MIMAT0000346","dme-miR-282","ugucuguuucggaucaucuccgau-cuaa","N"
"22768","MIMAT0000347","dme-miR-283","ucuuaauggucgacuauaaau",NA
"26694","MIMAT0000348","dme-miR-284","guuaacgaccuuag-uucaac-gac-ugaagu","F"
"27264","MIMAT0000349","dme-miR-281-2*","ugacagcugccuaucgagagaa",NA
"27650","MIMAT0000350","dme-miR-34","guguuggucgauuggugu-gacggu","D"
"28104","MIMAT0000351","dme-miR-124","gaaccguaaguggcgcacggaau","X"
"28615","MIMAT0000352","dme-miR-79","uacgaaaccauuagaucgaaau","N"
"29707","MIMAT0000354","dme-miR-276b","ucucgugc-cauaauucaaggau","N"
"30153","MIMAT0000355","dme-miR-210","aucggcgacagugugcguguu",NA
"30709","MIMAT0000356","dme-miR-285","cgugacuaaagcuu--accacgau","N"
"30996","MIMAT0000357","dme-miR-100","guguucaagccuaaaugcccaa","N"
"31082","MIMAT0000358","dme-miR-92b","cguccggcccugaucacguuaa","L"
"32338","MIMAT0000359","dme-miR-286","ucgugcucacaagccagaucagu","N"
"32794","MIMAT0000361","dme-miR-87","guguggacuuuaaaacgaguu","B"
"33350","MIMAT0000362","dme-miR-263b","cacuuaagagggucacgguuc","B"
"34020","MIMAT0000365","dme-bantam","uuagucgaaa--guuuuacuagagu","X"
"34473","MIMAT0000389","dme-miR-31b","gucgauaaggcuguagaacggu",NA
"34837","MIMAT0000390","dme-miR-304","gaguguaaaug--uuu---aac-ucuaau","N"
"35750","MIMAT0000391","dme-miR-305","gucucgugg-acuacuucauguua",NA
"36919","MIMAT0000392","dme-miR-9c","agaugucgaucuua-ugguuucu","X"
"38390","MIMAT0000393","dme-miR-306","aacucucagugauucauggacu","D"
"38699","MIMAT0000395","dme-miR-9b","guaugucgauuuuagugguuucu",NA
"40262","MIMAT0000396","dme-let-7","ugauauguuggaugauggagu","X"
"40579","MIMAT0000397","dme-miR-125","aguguucaaucccagagucccu","N"
"40659","MIMAT0000398","dme-miR-307","gagugaguuccuccaacacu","L"
"40976","MIMAT0000399","dme-miR-308","gagugucauauuaggacacuaa","L"
"41705","MIMAT0000400","dme-miR-31a","agucgauacggcuguagaacggu","N"
"42072","MIMAT0000401","dme-miR-309","auccuguuugaaaugggucacg","N"
"42367","MIMAT0000402","dme-miR-310","uuuccggcccuuca--cacguuau","N"
"43630","MIMAT0000403","dme-miR-311","aguccggccacuuacacguuau","N"
"44910","MIMAT0000404","dme-miR-312","aguccggcag--aguucacguuau","B"
"46233","MIMAT0000405","dme-miR-313","agcccg-ac-acuuuucacguuau","N"
"47535","MIMAT0000406","dme-miR-314","ggcuugaauaaccgagcuuau","N"
"48297","MIMAT0000407","dme-miR-315","cgaaagac-ucguuguuaguuuu","F"
"51666","MIMAT0000408","dme-miR-316","gcggucauucgccuuuuucugu","N"
"53337","MIMAT0000409","dme-miR-317","ugaccuaugguggucg-acacaagu","N"
"54172","MIMAT0000410","dme-miR-318","acucuauuuguuucgggucacu","N"
"54503","MIMAT0000411","dme-miR-2c","cggguaguu-ucgac-cgacacuau","N"
"55191","MIMAT0000412","dme-miR-iab-4-5p","aguccuauguaagucauaugca","D"
"56093","MIMAT0000413","dme-miR-iab-4-3p","caaugcauaugacuuccauauggc","D"
"56996","MIMAT0005463","dme-miR-iab-4as-5p","gccauauggaaguc--a---uaugcauu","N"
"58096","MIMAT0005466","dme-miR-955","cugugaguuuggagacgugc-uac","N"
"58484","MIMAT0005467","dme-miR-190","guugguucuuauaguu--uguauaga","L"
"60289","MIMAT0005468","dme-miR-193","caacccugaaucauccggu-cau","D"
"60537","MIMAT0005469","dme-miR-956","uuaccuaaucucaccagagcuuu","N"
"61002","MIMAT0005470","dme-miR-957","cggagucaaaaccu---gccaaagu","N"
"61325","MIMAT0005471","dme-miR-958","uuucaucuuaucuucuuagagu","D"
"61917","MIMAT0005472","dme-miR-375","auugaauucg-guuu---gcuuguuu","D"
"63409","MIMAT0005474","dme-miR-960","cgauacguuagaccuuaugagu","L"
"64429","MIMAT0005476","dme-miR-962","cugucguaguuaaag--agauggaaua","N"
"65523","MIMAT0005477","dme-miR-963","cuuuguuggacuauaaaug-gaaca","D"
"66112","MIMAT0005478","dme-miR-964","uucaauucga--ggggauaagauu","B"
"67502","MIMAT0005479","dme-miR-932","gacguuacgugaugccuuaacu","F"
"68414","MIMAT0005480","dme-miR-965","uuccccuuuucgauaugcgaau","D"
"68897","MIMAT0005483","dme-miR-1002","agcgggaaacauaggugaugaauu","D"
"70321","MIMAT0005484","dme-miR-968","guugggaaauuac-cuaugaugaau",NA
"71308","MIMAT0005485","dme-miR-969","uuuugaacgaaucaccuugag","F"
"71847","MIMAT0005486","dme-miR-970","uaucggcgcacacagaauacu","N"
"72569","MIMAT0005487","dme-miR-971","agugacauucuucauugugguu","D"
"73787","MIMAT0005490","dme-miR-974","uuaugaugaagaaacgag-cgaa","N"
"74059","MIMAT0005492","dme-miR-976","cguaacuacuauugauuagguu","N"
"75267","MIMAT0005493","dme-miR-977","aaucuguugcacuuauagagu","X"
"76151","MIMAT0005496","dme-miR-980","auucgggaaguguuc-cgucgau","D"
"76575","MIMAT0005497","dme-miR-981","acguccaaagcagcuguugcuu","X"
"77308","MIMAT0005501","dme-miR-927","ccauuucgcauccuuaa-gauuu","X"
"78862","MIMAT0005503","dme-miR-986","agucaguguugcga-uaagcucu","N"
"79483","MIMAT0005504","dme-miR-987","guaguuaggucugauaaaugaaau","N"
"81633","MIMAT0005505","dme-miR-988","cgcacuccaaacguuguucccc","N"
"81858","MIMAT0005506","dme-miR-989","caaggugaugcaguguagugu","N"
"82628","MIMAT0005507","dme-miR-137","gaugcacauaagaguucguuau","L"
"84559","MIMAT0005511","dme-miR-929","guuagacugaggcaaucccuc","N"
"84796","MIMAT0005512","dme-miR-993","ucuaugg-acaucuc-ugcucgaag","N"
"85088","MIMAT0005513","dme-miR-994","uagugccgaugauaaaggaauc","N"
"85946","MIMAT0005514","dme-miR-995","uucggcuuag--uacaccacgau","L"
"86208","MIMAT0005515","dme-miR-996","ucugcucguacuuuagaucagu","N"
"86716","MIMAT0005516","dme-miR-252","gaggacgccgugau--caugaauc","X"
"88186","MIMAT0005518","dme-miR-998","cucgacuuagagu--accacgau","N"
"88469","MIMAT0005519","dme-miR-999","ucugugucagaaugucaauugu","L"
"89756","MIMAT0005520","dme-miR-1000","ugacgacacuguccuguuaua","D"
"91284","MIMAT0005016","dme-miR-1003","gacacuuauacauu---uacacucu","N"
"91964","MIMAT0005017","dme-miR-1004","gacacucccuucacuacacucu","N"
"92490","MIMAT0005019","dme-miR-1006","gauacuuauucuuuagcuuaaau","D"
"94152","MIMAT0005020","dme-miR-1007","acguuugucaauuaacu-cgaau","N"
"94662","MIMAT0005023","dme-miR-1010","gacguuuaccuugcuauccacuuu","D"
"95052","MIMAT0005024","dme-miR-1011","gacgcucgcu-aaac---uugguuauu","N"
"96527","MIMAT0005027","dme-miR-1014","gacguuuacuuuuacuuaaaa","N"
"99084","MIMAT0005030","dme-miR-1017","ccuacucaaacccaucucgaaag","N"
"99737","MIMAT0000117","dme-miR-12","uggucaugga-cuacauuaugagu","B"
"100755","MIMAT0000330","dme-miR-184*","gccccgcucucuuacuauucc","X"
"101745","MIMAT0000336","dme-miR-276*","gcauccuugagauauggagcgac","N"
"101970","MIMAT0000343","dme-miR-280","auaguaaagu---auacguugcauuuaugu","N"
"107434","MIMAT0000344","dme-miR-281-1*","ugacagcugccugucgagagaa","D"
"107835","MIMAT0000360","dme-miR-287","cacgu-uugcuaaaaguugugu","N"
"108867","MIMAT0000363","dme-miR-288","guacuuuacuuuagcug-uacuuu","N"
"110104","MIMAT0000364","dme-miR-289","ucagcguccgaggugaauuuauaaau","N"
"116078","MIMAT0000388","dme-miR-303","uggucaaaggacacuuuggauuu","N"
"117320","MIMAT0000394","dme-miR-306*","cguguccgugucucacuggggg","D"
"117514","MIMAT0005464","dme-miR-iab-4as-3p","auuug-ca-uaug-acuuaca-uagg","N"
"119230","MIMAT0005465","dme-miR-954","uguguguugcgu---ugugggucu","F"
"119747","MIMAT0005473","dme-miR-959","aaguauuau-gggggcu-acuguu","N"
"120353","MIMAT0005475","dme-miR-961","uagagucaaugaccacuaguuu","N"
"121073","MIMAT0005481","dme-miR-966","ggugugucgggugu-ugggugu","N"
"121988","MIMAT0005482","dme-miR-967","gcgaagaggucuccauagaga","F"
"122513","MIMAT0005488","dme-miR-972","cggauuuauaa-gcauaacaugu","N"
"125116","MIMAT0005489","dme-miR-973","uuuuagcuucaa--guuggugguuggu","N"
"126150","MIMAT0005491","dme-miR-975","uauguccuacauccuucacaaau","N"
"127087","MIMAT0005494","dme-miR-978","gacguuaaaugccgugaccugu","D"
"127396","MIMAT0005495","dme-miR-979","aaucggacucaagcccuucuu","N"
"127690","MIMAT0005498","dme-miR-982","uaaaugaaguaua-aacagguccu","N"
"127902","MIMAT0005499","dme-miR-983","aguaaucaagcuuugcauaaua","L"
"129164","MIMAT0005500","dme-miR-984","uuuaagguuggc--auaaauggagu","N"
"129696","MIMAT0005502","dme-miR-985","acgggcugguaaccuuguaaac","D"
"132760","MIMAT0005508","dme-miR-990","ccgguugagucuugc-cacuua","N"
"133001","MIMAT0005509","dme-miR-991","ugaaagguuugaug-uugaaauu","N"
"135656","MIMAT0005510","dme-miR-992","gaaucauggucuuugcacauga","L"
"136288","MIMAT0010206","dme-miR-995*","gcgucgaggguguauuaagccc","L"
"136776","MIMAT0005517","dme-miR-997","acuuugaggaagcucaaaccc","N"
"137347","MIMAT0005521","dme-miR-1001","acuaggaacccu---caaaugggu","N"
"138052","MIMAT0005018","dme-miR-1005","gacgcuuaauuucuaaggucu","N"
"138714","MIMAT0005021","dme-miR-1008","acauuuguguuuuucgacacu","N"
"139200","MIMAT0005022","dme-miR-1009","gacuuuacau-uguuaaaaacucu","N"
"140554","MIMAT0005025","dme-miR-1012","gauaccccuuuuagaaacugauu","N"
"141235","MIMAT0005026","dme-miR-1013","gcucaagccguaugaaaaua","N"
"143282","MIMAT0005028","dme-miR-1015","gacguucucucuacag-gguccu","N"
"143461","MIMAT0005029","dme-miR-1016","gauucauaccuc-ucu-ccacuu","N"
"143690","MIMAT0011784","dme-miR-2279*","uuaaagugugu-gucuauaaauu","N"
"150472","MIMAT0011785","dme-miR-2279","uuuauuuaua-g--a-agcgcacuuu","N"
"150820","MIMAT0011786","dme-miR-2280","uauaaaauaacggu-ucgauucu","N"
"151837","MIMAT0011787","dme-miR-2280*","agucaaucgaaccuucauuuaa",NA
"154056","MIMAT0011788","dme-miR-2281*","aacguagacgucgacgucuauua","N"
"155118","MIMAT0011789","dme-miR-2281","cguuaugacgucu---auguc-uau","N"
"156088","MIMAT0011790","dme-miR-2282","uaagauaaaaaucgag-uggcua","N"
"156406","MIMAT0011791","dme-miR-2283","uaacagcauaaguacuauaaaag","N"
"162117","MIMAT0012194","dme-miR-307-as*","gguaguguuggaggaacucacu","N"
"162641","MIMAT0012195","dme-miR-307-as","cugagugaguuggacccacacu","N"
"162839","MIMAT0012196","dme-miR-2489","ugacguuuaugu-uguauguuau","N"
"166863","MIMAT0012197","dme-miR-2490","aacguuggacgaaauagc-gaagu","L"
"167294","MIMAT0012198","dme-miR-2491","ucguugacguuuccguugucgc","N"
"168576","MIMAT0012199","dme-miR-2492","aaacuuucgagagcuguuuugua","N"
"173193","MIMAT0012200","dme-miR-2493*","accgacacacacacacacucg","F"
"173565","MIMAT0012201","dme-miR-2493","ugcggagcguguuuaugugugcc","F"
"174605","MIMAT0012202","dme-miR-2494*","aaggguuagaccacgugaaug","N"
"175349","MIMAT0012203","dme-miR-2494","gaacauucaccuguaaugacccuu","N"
"175585","MIMAT0012204","dme-miR-2495","ucagucggguuaacuucacggu","N"
"176093","MIMAT0012205","dme-miR-2495*","ccgcccguaaaguuaauccacggc","N"
"176287","MIMAT0012206","dme-miR-2496*","augcuaccggagagugugugcgug","N"
"176966","MIMAT0012207","dme-miR-2496","auacgcacacacucacggggcg","N"
"177137","MIMAT0012208","dme-miR-2497*","uuguugauguaaaacgu---uacgaaug","N"
"178500","MIMAT0012209","dme-miR-2497","gacguuugu--aacauuuacaaca","N"
"180359","MIMAT0012210","dme-miR-2498*","guuuuuauucguauugucggaaau","N"
"180961","MIMAT0012211","dme-miR-2498","uucauucugcccuuacggucaaa","N"
"181404","MIMAT0012212","dme-miR-2499*","cguaacgcgacugcagaugcgugc","N"
"181869","MIMAT0012213","dme-miR-2499","augccugcacuuacaguaggcgua","N"
"182339","MIMAT0012214","dme-miR-2500*","ccauaacauauacacacaaggaaug","N"
"183204","MIMAT0012215","dme-miR-2500","gacuccaggug-uguguuuuagg","N"
"186228","MIMAT0012216","dme-miR-2501","aaucggguc--cgugagguuugaaug","N"
"188521","MIMAT0012217","dme-miR-2501*","uuucuuucaaacuaacguucuca","N"
"189141",NA,"dme-miR-4951",NA,"F"
"189144",NA,"dme-miR-3642",NA,"N"
"189147",NA,"dme-miR-3643",NA,"N"
"189150",NA,"dme-miR-3644",NA,"N"
"189153",NA,"dme-miR-3645",NA,"N"
"189156",NA,"dme-miR-4966",NA,"N"
"189159",NA,"dme-miR-4968",NA,"N"
"189162",NA,"dme-miR-4969",NA,"N"
"189165",NA,"dme-miR-4976",NA,"N"
