,X.mirbase_acc,mirna_name,mirna_alignment,OE_pigment_PT,flybase_id,suffix
1,MIMAT0000105,dme-miR-1,gagguaugaagaaauguaaggu,X,,
819,MIMAT0000106,dme-miR-2a,cgaguaguuucgaccgacacuau,NA,,
1512,MIMAT0000107,dme-miR-2b,cgaggaguuucgaccgacacuau,NA,,
2200,MIMAT0000108,dme-miR-3,acucugugugaaacgggucacu,N,,
2494,MIMAT0000109,dme-miR-4,aguuaccaacagaucgaaaua,F,,
3757,MIMAT0000110,dme-miR-5,guauaguguugcuagcaaggaaa,N,,
4407,MIMAT0000111,dme-miR-6,uuuuucuugucggugacacuau,NA,,
5135,MIMAT0000112,dme-miR-7,uguuguuuuagugaucagaaggu,X,,
5530,MIMAT0000113,dme-miR-8,cuguagaaauggacugucauaau,D,,
6517,MIMAT0000114,dme-miR-9a,aguaugucgaucuauugguuucu,N,,
8056,MIMAT0000115,dme-miR-10-5p,uuguuuaagccuagauguccca,NA,,
8194,MIMAT0012531,dme-miR-10-3p,uuuggagagaucuuggcuuaaac,NA,,
9772,MIMAT0000116,dme-miR-11,cguucuugagucugacacuac,L,,
10466,MIMAT0000118,dme-miR-13a,ugaguaguuuuaccgacacuau,L,,
11166,MIMAT0000119,dme-miR-13b,ugagcaguuuuaccgacacuau,NA,,
11850,MIMAT0000120,dme-miR-14,auccucucucuuuuucugacu,N,,
12372,MIMAT0000319,dme-miR-263a,cacuuaagaaggucacgguaauug,X,,
14016,MIMAT0000331,dme-miR-184,cgggaauagucaagaggcaggu,X,,
14189,MIMAT0000332,dme-miR-274,uaaugggcaaucacagccaguguuuu,N,,
15825,MIMAT0000333,dme-miR-275,gcgcgcgaugaaguccauggacu,L,,
16113,MIMAT0000334,dme-miR-92a,uauccggcccuguucacguuac,NA,,
17371,MIMAT0000335,dme-miR-219,guucuuaacgcaaaccuguuagu,L,,
18048,MIMAT0000337,dme-miR-276a,ucucgugccauacuucaaggau,B,,
18477,MIMAT0000338,dme-miR-277,acagcauggucuaucacguaaau,N,,
20624,MIMAT0000339,dme-miR-278,uuugccugcuuucaggguggcu,X,,
20806,MIMAT0000340,dme-miR-133,ugucgaccaacuuccccugguu,L,,
20940,MIMAT0000341,dme-miR-279,aauuacucacaccuagaucagu,D,,
21404,MIMAT0000342,dme-miR-33,guuacgcugauguuacgugga,L,,
21875,MIMAT0000345,dme-miR-281,uguuucucucguuaagguacugu,D,,
22196,MIMAT0000346,dme-miR-282,ugucuguuucggaucaucuccgaucuaa,N,,
22779,MIMAT0000347,dme-miR-283,ucuuaauggucgacuauaaau,NA,,
26708,MIMAT0000348,dme-miR-284,guuaacgaccuuaguucaacgacugaagu,F,,
27278,MIMAT0000349,dme-miR-281-2*,ugacagcugccuaucgagagaa,NA,,
27664,MIMAT0000350,dme-miR-34,guguuggucgauuggugugacggu,D,,
28118,MIMAT0000351,dme-miR-124,gaaccguaaguggcgcacggaau,X,,
28629,MIMAT0000352,dme-miR-79,uacgaaaccauuagaucgaaau,N,,
29724,MIMAT0000354,dme-miR-276b,ucucgugccauaauucaaggau,N,,
30170,MIMAT0000355,dme-miR-210,aucggcgacagugugcguguu,NA,,
30726,MIMAT0000356,dme-miR-285,cgugacuaaagcuuaccacgau,N,,
31013,MIMAT0000357,dme-miR-100,guguucaagccuaaaugcccaa,N,,
31099,MIMAT0000358,dme-miR-92b,cguccggcccugaucacguuaa,L,,
32355,MIMAT0000359,dme-miR-286,ucgugcucacaagccagaucagu,N,,
32812,MIMAT0000361,dme-miR-87,guguggacuuuaaaacgaguu,B,,
33368,MIMAT0000362,dme-miR-263b,cacuuaagagggucacgguuc,B,,
34038,MIMAT0000365,dme-bantam,uuagucgaaaguuuuacuagagu,X,,
34492,MIMAT0000389,dme-miR-31b,gucgauaaggcuguagaacggu,NA,,
34856,MIMAT0000390,dme-miR-304,gaguguaaauguuuaacucuaau,N,,
35770,MIMAT0000391,dme-miR-305,gucucguggacuacuucauguua,NA,,
36940,MIMAT0000392,dme-miR-9c,agaugucgaucuuaugguuucu,X,,
38412,MIMAT0000393,dme-miR-306,aacucucagugauucauggacu,D,,
38721,MIMAT0000395,dme-miR-9b,guaugucgauuuuagugguuucu,NA,,
40285,MIMAT0000396,dme-let-7,ugauauguuggaugauggagu,X,,
40602,MIMAT0000397,dme-miR-125,aguguucaaucccagagucccu,N,,
40682,MIMAT0000398,dme-miR-307,gagugaguuccuccaacacu,NA,,
40999,MIMAT0000399,dme-miR-308,gagugucauauuaggacacuaa,L,,
41728,MIMAT0000400,dme-miR-31a,agucgauacggcuguagaacggu,N,,
42095,MIMAT0000401,dme-miR-309,auccuguuugaaaugggucacg,N,,
42390,MIMAT0000402,dme-miR-310,uuuccggcccuucacacguuau,N,,
43653,MIMAT0000403,dme-miR-311,aguccggccacuuacacguuau,N,,
44933,MIMAT0000404,dme-miR-312,aguccggcagaguucacguuau,B,,
46256,MIMAT0000405,dme-miR-313,agcccgacacuuuucacguuau,N,,
47558,MIMAT0000406,dme-miR-314,ggcuugaauaaccgagcuuau,N,,
48321,MIMAT0000407,dme-miR-315,cgaaagacucguuguuaguuuu,F,,
51692,MIMAT0000408,dme-miR-316,gcggucauucgccuuuuucugu,N,,
53363,MIMAT0000409,dme-miR-317,ugaccuaugguggucgacacaagu,N,,
54198,MIMAT0000410,dme-miR-318,acucuauuuguuucgggucacu,N,,
54529,MIMAT0000411,dme-miR-2c,cggguaguuucgaccgacacuau,N,,
55217,MIMAT0000412,dme-miR-iab-4-5p,aguccuauguaagucauaugca,NA,,
56119,MIMAT0000413,dme-miR-iab-4-3p,caaugcauaugacuuccauauggc,NA,,
57022,MIMAT0005463,dme-miR-iab-4as-5p,gccauauggaagucauaugcauu,NA,,
58122,MIMAT0005466,dme-miR-955,cugugaguuuggagacgugcuac,N,,
58510,MIMAT0005467,dme-miR-190,guugguucuuauaguuuguauaga,L,,
60315,MIMAT0005468,dme-miR-193,caacccugaaucauccggucau,D,,
60563,MIMAT0005469,dme-miR-956,uuaccuaaucucaccagagcuuu,N,,
61028,MIMAT0005470,dme-miR-957,cggagucaaaaccugccaaagu,N,,
61351,MIMAT0005471,dme-miR-958,uuucaucuuaucuucuuagagu,D,,
61944,MIMAT0005472,dme-miR-375,auugaauucgguuugcuuguuu,D,,
63436,MIMAT0005474,dme-miR-960,cgauacguuagaccuuaugagu,L,,
64456,MIMAT0005476,dme-miR-962,cugucguaguuaaagagauggaaua,N,,
65550,MIMAT0005477,dme-miR-963,cuuuguuggacuauaaauggaaca,D,,
66139,MIMAT0005478,dme-miR-964,uucaauucgaggggauaagauu,B,,
67530,MIMAT0005479,dme-miR-932,gacguuacgugaugccuuaacu,F,,
68442,MIMAT0005480,dme-miR-965,uuccccuuuucgauaugcgaau,D,,
68925,MIMAT0005483,dme-miR-1002,agcgggaaacauaggugaugaauu,D,,
70349,MIMAT0005484,dme-miR-968,guugggaaauuaccuaugaugaau,NA,,
71338,MIMAT0005485,dme-miR-969,uuuugaacgaaucaccuugag,F,,
71878,MIMAT0005486,dme-miR-970,uaucggcgcacacagaauacu,N,,
72601,MIMAT0005487,dme-miR-971,agugacauucuucauugugguu,D,,
73819,MIMAT0005490,dme-miR-974,uuaugaugaagaaacgagcgaa,N,,
74091,MIMAT0005492,dme-miR-976,cguaacuacuauugauuagguu,N,,
75299,MIMAT0005493,dme-miR-977,aaucuguugcacuuauagagu,X,,
76184,MIMAT0005496,dme-miR-980,auucgggaaguguuccgucgau,D,,
76608,MIMAT0005497,dme-miR-981,acguccaaagcagcuguugcuu,X,,
77342,MIMAT0005501,dme-miR-927,ccauuucgcauccuuaagauuu,X,,
78896,MIMAT0005503,dme-miR-986,agucaguguugcgauaagcucu,N,,
79518,MIMAT0005504,dme-miR-987,guaguuaggucugauaaaugaaau,N,,
81668,MIMAT0005505,dme-miR-988,cgcacuccaaacguuguucccc,N,,
81893,MIMAT0005506,dme-miR-989,caaggugaugcaguguagugu,N,,
82664,MIMAT0005507,dme-miR-137,gaugcacauaagaguucguuau,L,,
84595,MIMAT0005511,dme-miR-929,guuagacugaggcaaucccuc,N,,
84832,MIMAT0005512,dme-miR-993,ucuauggacaucucugcucgaag,N,,
85124,MIMAT0005513,dme-miR-994,uagugccgaugauaaaggaauc,N,,
85984,MIMAT0005514,dme-miR-995,uucggcuuaguacaccacgau,L,,
86246,MIMAT0005515,dme-miR-996,ucugcucguacuuuagaucagu,N,,
86755,MIMAT0005516,dme-miR-252,gaggacgccgugaucaugaauc,X,,
88226,MIMAT0005518,dme-miR-998,cucgacuuagaguaccacgau,N,,
88509,MIMAT0005519,dme-miR-999,ucugugucagaaugucaauugu,L,,
89797,MIMAT0005520,dme-miR-1000,ugacgacacuguccuguuaua,D,,
91326,MIMAT0005016,dme-miR-1003,gacacuuauacauuuacacucu,N,,
92006,MIMAT0005017,dme-miR-1004,gacacucccuucacuacacucu,N,,
92532,MIMAT0005019,dme-miR-1006,gauacuuauucuuuagcuuaaau,D,,
94196,MIMAT0005020,dme-miR-1007,acguuugucaauuaacucgaau,N,,
94706,MIMAT0005023,dme-miR-1010,gacguuuaccuugcuauccacuuu,D,,
95096,MIMAT0005024,dme-miR-1011,gacgcucgcuaaacuugguuauu,N,,
96571,MIMAT0005027,dme-miR-1014,gacguuuacuuuuacuuaaaa,N,,
99130,MIMAT0005030,dme-miR-1017,ccuacucaaacccaucucgaaag,N,,
99784,MIMAT0000117,dme-miR-12,uggucauggacuacauuaugagu,B,,
100802,MIMAT0000330,dme-miR-184*,gccccgcucucuuacuauucc,NA,,
101792,MIMAT0000336,dme-miR-276*,gcauccuugagauauggagcgac,NA,,
102017,MIMAT0000343,dme-miR-280,auaguaaaguauacguugcauuuaugu,N,,
107482,MIMAT0000344,dme-miR-281-1*,ugacagcugccugucgagagaa,NA,,
107883,MIMAT0000360,dme-miR-287,cacguuugcuaaaaguugugu,N,,
108916,MIMAT0000363,dme-miR-288,guacuuuacuuuagcug-uacuuu,N,,
110153,MIMAT0000364,dme-miR-289,ucagcguccgaggugaauuuauaaau,N,,
116129,MIMAT0000388,dme-miR-303,uggucaaaggacacuuuggauuu,N,,
117373,MIMAT0000394,dme-miR-306*,cguguccgugucucacuggggg,NA,,
117567,MIMAT0005464,dme-miR-iab-4as-3p,auuugcauaugacuuacauagg,NA,,
119283,MIMAT0005465,dme-miR-954,uguguguugcguugugggucu,F,,
119800,MIMAT0005473,dme-miR-959,aaguauuaugggggcuacuguu,N,,
120406,MIMAT0005475,dme-miR-961,uagagucaaugaccacuaguuu,N,,
121127,MIMAT0005481,dme-miR-966,ggugugucggguguugggugu,N,,
122042,MIMAT0005482,dme-miR-967,gcgaagaggucuccauagaga,F,,
122567,MIMAT0005488,dme-miR-972,cggauuuauaagcauaacaugu,N,,
125170,MIMAT0005489,dme-miR-973,uuuuagcuucaaguuggugguuggu,N,,
126204,MIMAT0005491,dme-miR-975,uauguccuacauccuucacaaau,N,,
127142,MIMAT0005494,dme-miR-978,gacguuaaaugccgugaccugu,D,,
127451,MIMAT0005495,dme-miR-979,aaucggacucaagcccuucuu,N,,
127745,MIMAT0005498,dme-miR-982,uaaaugaaguauaaacagguccu,N,,
127957,MIMAT0005499,dme-miR-983,aguaaucaagcuuugcauaaua,NA,,
129219,MIMAT0005500,dme-miR-984,uuuaagguuggcauaaauggagu,N,,
129751,MIMAT0005502,dme-miR-985,acgggcugguaaccuuguaaac,D,,
132819,MIMAT0005508,dme-miR-990,ccgguugagucuugccacuua,N,,
133061,MIMAT0005509,dme-miR-991,ugaaagguuugauguugaaauu,N,,
135716,MIMAT0005510,dme-miR-992,gaaucauggucuuugcacauga,L,,
136348,MIMAT0010206,dme-miR-995*,gcgucgaggguguauuaagccc,NA,,
136836,MIMAT0005517,dme-miR-997,acuuugaggaagcucaaaccc,N,,
137408,MIMAT0005521,dme-miR-1001,acuaggaacccucaaaugggu,N,,
138113,MIMAT0005018,dme-miR-1005,gacgcuuaauuucuaaggucu,N,,
138776,MIMAT0005021,dme-miR-1008,acauuuguguuuuucgacacu,N,,
139262,MIMAT0005022,dme-miR-1009,gacuuuacauuguuaaaaacucu,N,,
140616,MIMAT0005025,dme-miR-1012,gauaccccuuuuagaaacugauu,N,,
141297,MIMAT0005026,dme-miR-1013,gcucaagccguaugaaaaua,N,,
143346,MIMAT0005028,dme-miR-1015,gacguucucucuacaggguccu,N,,
143525,MIMAT0005029,dme-miR-1016,gauucauaccucucuccacuu,N,,
143754,MIMAT0011784,dme-miR-2279*,uuaaagugugugucuauaaauu,NA,,
150541,MIMAT0011785,dme-miR-2279,uuuauuuauagaagcgcacuuu,N,,
150889,MIMAT0011786,dme-miR-2280,uauaaaauaacgguucgauucu,N,,
151906,MIMAT0011787,dme-miR-2280*,agucaaucgaaccuucauuuaa,NA,,
154125,MIMAT0011788,dme-miR-2281*,aacguagacgucgacgucuauua,NA,,
155188,MIMAT0011789,dme-miR-2281,cguuaugacgucuaugucuau,N,,
156158,MIMAT0011790,dme-miR-2282,uaagauaaaaaucgaguggcua,N,,
156476,MIMAT0011791,dme-miR-2283,uaacagcauaaguacuauaaaag,N,,
162188,MIMAT0012194,dme-miR-307-as*,gguaguguuggaggaacucacu,NA,,
162712,MIMAT0012195,dme-miR-307-as,cugagugaguuggacccacacu,NA,,
162910,MIMAT0012196,dme-miR-2489,ugacguuuauguuguauguuau,N,,
166935,MIMAT0012197,dme-miR-2490,aacguuggacgaaauagcgaagu,L,,
167366,MIMAT0012198,dme-miR-2491,ucguugacguuuccguugucgc,N,,
168649,MIMAT0012199,dme-miR-2492,aaacuuucgagagcuguuuugua,N,,
173266,MIMAT0012200,dme-miR-2493*,accgacacacacacacacucg,NA,,
173638,MIMAT0012201,dme-miR-2493,ugcggagcguguuuaugugugcc,F,,
174678,MIMAT0012202,dme-miR-2494*,aaggguuagaccacgugaaug,NA,,
175422,MIMAT0012203,dme-miR-2494,gaacauucaccuguaaugacccuu,N,,
175658,MIMAT0012204,dme-miR-2495,ucagucggguuaacuucacggu,N,,
176166,MIMAT0012205,dme-miR-2495*,ccgcccguaaaguuaauccacggc,NA,,
176360,MIMAT0012206,dme-miR-2496*,augcuaccggagagugugugcgug,NA,,
177039,MIMAT0012207,dme-miR-2496,auacgcacacacucacggggcg,N,,
177211,MIMAT0012208,dme-miR-2497*,uuguugauguaaaacguuacgaaug,NA,,
178574,MIMAT0012209,dme-miR-2497,gacguuuguaacauuuacaaca,N,,
180433,MIMAT0012210,dme-miR-2498*,guuuuuauucguauugucggaaau,NA,,
181035,MIMAT0012211,dme-miR-2498,uucauucugcccuuacggucaaa,N,,
181478,MIMAT0012212,dme-miR-2499*,cguaacgcgacugcagaugcgugc,NA,,
181944,MIMAT0012213,dme-miR-2499,augccugcacuuacaguaggcgua,N,,
182415,MIMAT0012214,dme-miR-2500*,ccauaacauauacacacaaggaaug,NA,,
183282,MIMAT0012215,dme-miR-2500,gacuccaggug-uguguuuuagg,N,,
186308,MIMAT0012216,dme-miR-2501,aaucggguccgugagguuugaaug,N,,
188602,MIMAT0012217,dme-miR-2501*,uuucuuucaaacuaacguucuca,NA,,
189222,NA,dme-miR-iab-4,NA,D,,
189223,NA,dme-miR-2a-2,NA,F,,
189224,NA,dme-miR-4951,NA,F,,
189225,NA,dme-miR-307a,NA,L,,
189226,NA,dme-miR-2b-1,NA,L,,
189227,NA,dme-miR-2b-2,NA,L,,
189228,NA,dme-miR-6-2,NA,L,,
189229,NA,dme-miR-983-1,NA,L,,
189230,NA,dme-miR-10,NA,N,,
189231,NA,dme-miR-13b-1,NA,N,,
189232,NA,dme-miR-13b-2,NA,N,,
189233,NA,dme-miR-2a-1,NA,N,,
189234,NA,dme-miR-307b,NA,N,,
189235,NA,dme-miR-3642,NA,N,,
189236,NA,dme-miR-3643,NA,N,,
189237,NA,dme-miR-3644,NA,N,,
189238,NA,dme-miR-3645,NA,N,,
189239,NA,dme-miR-4966,NA,N,,
189240,NA,dme-miR-4968,NA,N,,
189241,NA,dme-miR-4969,NA,N,,
189242,NA,dme-miR-4976,NA,N,,
189243,NA,dme-miR-6-1,NA,N,,
189244,NA,dme-miR-6-3,NA,N,,
189245,NA,dme-miR-983-2,NA,N,,
189246,NA,dme-miR-iab-4as,NA,N,,