"","X","X.mirbase_acc","mirna_name","mirna_alignment","OE_pigment_PT","flybase_id","suffix","mirna_sequence"
"1",1,"MIMAT0000105","dme-miR-1","gagguaugaagaaauguaaggu","X",NA,NA,"uggaauguaaagaaguauggag"
"2",819,"MIMAT0000106","dme-miR-2a","cgaguaguuucgaccgacacuau",NA,NA,NA,"uaucacagccagcuuugaugagc"
"3",1512,"MIMAT0000107","dme-miR-2b","cgaggaguuucgaccgacacuau",NA,NA,NA,"uaucacagccagcuuugaggagc"
"4",2200,"MIMAT0000108","dme-miR-3","acucugugugaaacgggucacu","N",NA,NA,"ucacugggcaaagugugucuca"
"5",2494,"MIMAT0000109","dme-miR-4","aguuaccaacagaucgaaaua","F",NA,NA,"auaaagcuagacaaccauuga"
"6",3757,"MIMAT0000110","dme-miR-5","guauaguguugcuagcaaggaaa","N",NA,NA,"aaaggaacgaucguugugauaug"
"7",4407,"MIMAT0000111","dme-miR-6","uuuuucuugucggugacacuau",NA,NA,NA,"uaucacaguggcuguucuuuuu"
"8",5135,"MIMAT0000112","dme-miR-7","uguuguuuuagugaucagaaggu","X",NA,NA,"uggaagacuagugauuuuguugu"
"9",5530,"MIMAT0000113","dme-miR-8","cuguagaaauggacugucauaau","D",NA,NA,"uaauacugucagguaaagauguc"
"10",6517,"MIMAT0000114","dme-miR-9a","aguaugucgaucuauugguuucu","N",NA,NA,"ucuuugguuaucuagcuguauga"
"11",8056,"MIMAT0000115","dme-miR-10-5p","uuguuuaagccuagauguccca",NA,NA,NA,"acccuguagauccgaauuuguu"
"12",8194,"MIMAT0012531","dme-miR-10-3p","uuuggagagaucuuggcuuaaac",NA,NA,NA,"caaauucgguucuagagagguuu"
"13",9772,"MIMAT0000116","dme-miR-11","cguucuugagucugacacuac","L",NA,NA,"caucacagucugaguucuugc"
"14",10466,"MIMAT0000118","dme-miR-13a","ugaguaguuuuaccgacacuau","L",NA,NA,"uaucacagccauuuugaugagu"
"15",11166,"MIMAT0000119","dme-miR-13b","ugagcaguuuuaccgacacuau",NA,NA,NA,"uaucacagccauuuugacgagu"
"16",11850,"MIMAT0000120","dme-miR-14","auccucucucuuuuucugacu","N",NA,NA,"ucagucuuuuucucucuccua"
"17",12372,"MIMAT0000319","dme-miR-263a","cacuuaagaaggucacgguaauug","X",NA,NA,"guuaauggcacuggaagaauucac"
"18",14016,"MIMAT0000331","dme-miR-184","cgggaauagucaagaggcaggu","X",NA,NA,"uggacggagaacugauaagggc"
"19",14189,"MIMAT0000332","dme-miR-274","uaaugggcaaucacagccaguguuuu","N",NA,NA,"uuuugugaccgacacuaacggguaau"
"20",15825,"MIMAT0000333","dme-miR-275","gcgcgcgaugaaguccauggacu","L",NA,NA,"ucagguaccugaaguagcgcgcg"
"21",16113,"MIMAT0000334","dme-miR-92a","uauccggcccuguucacguuac",NA,NA,NA,"cauugcacuugucccggccuau"
"22",17371,"MIMAT0000335","dme-miR-219","guucuuaacgcaaaccuguuagu","L",NA,NA,"ugauuguccaaacgcaauucuug"
"23",18048,"MIMAT0000337","dme-miR-276a","ucucgugccauacuucaaggau","B",NA,NA,"uaggaacuucauaccgugcucu"
"24",18477,"MIMAT0000338","dme-miR-277","acagcauggucuaucacguaaau","N",NA,NA,"uaaaugcacuaucugguacgaca"
"25",20624,"MIMAT0000339","dme-miR-278","uuugccugcuuucaggguggcu","X",NA,NA,"ucggugggacuuucguccguuu"
"26",20806,"MIMAT0000340","dme-miR-133","ugucgaccaacuuccccugguu","L",NA,NA,"uugguccccuucaaccagcugu"
"27",20940,"MIMAT0000341","dme-miR-279","aauuacucacaccuagaucagu","D",NA,NA,"ugacuagauccacacucauuaa"
"28",21404,"MIMAT0000342","dme-miR-33","guuacgcugauguuacgugga","L",NA,NA,"aggugcauuguagucgcauug"
"29",21875,"MIMAT0000345","dme-miR-281","uguuucucucguuaagguacugu","D",NA,NA,"ugucauggaauugcucucuuugu"
"30",22196,"MIMAT0000346","dme-miR-282","ugucuguuucggaucaucuccgaucuaa","N",NA,NA,"aaucuagccucuacuaggcuuugucugu"
"31",22779,"MIMAT0000347","dme-miR-283","ucuuaauggucgacuauaaau",NA,NA,NA,"uaaauaucagcugguaauucu"
"32",26708,"MIMAT0000348","dme-miR-284","guuaacgaccuuaguucaacgacugaagu","F",NA,NA,"ugaagucagcaacuugauuccagcaauug"
"33",27278,"MIMAT0000349","dme-miR-281-2*","ugacagcugccuaucgagagaa",NA,NA,NA,"aagagagcuauccgucgacagu"
"34",27664,"MIMAT0000350","dme-miR-34","guguuggucgauuggugugacggu","D",NA,NA,"uggcagugugguuagcugguugug"
"35",28118,"MIMAT0000351","dme-miR-124","gaaccguaaguggcgcacggaau","X",NA,NA,"uaaggcacgcggugaaugccaag"
"36",28629,"MIMAT0000352","dme-miR-79","uacgaaaccauuagaucgaaau","N",NA,NA,"uaaagcuagauuaccaaagcau"
"37",29724,"MIMAT0000354","dme-miR-276b","ucucgugccauaauucaaggau","N",NA,NA,"uaggaacuuaauaccgugcucu"
"38",30170,"MIMAT0000355","dme-miR-210","aucggcgacagugugcguguu",NA,NA,NA,"uugugcgugugacagcggcua"
"39",30726,"MIMAT0000356","dme-miR-285","cgugacuaaagcuuaccacgau","N",NA,NA,"uagcaccauucgaaaucagugc"
"40",31013,"MIMAT0000357","dme-miR-100","guguucaagccuaaaugcccaa","N",NA,NA,"aacccguaaauccgaacuugug"
"41",31099,"MIMAT0000358","dme-miR-92b","cguccggcccugaucacguuaa","L",NA,NA,"aauugcacuagucccggccugc"
"42",32355,"MIMAT0000359","dme-miR-286","ucgugcucacaagccagaucagu","N",NA,NA,"ugacuagaccgaacacucgugcu"
"43",32812,"MIMAT0000361","dme-miR-87","guguggacuuuaaaacgaguu","B",NA,NA,"uugagcaaaauuucaggugug"
"44",33368,"MIMAT0000362","dme-miR-263b","cacuuaagagggucacgguuc","B",NA,NA,"cuuggcacugggagaauucac"
"45",34038,"MIMAT0000365","dme-bantam","uuagucgaaaguuuuacuagagu","X",NA,NA,"ugagaucauuuugaaagcugauu"
"46",34492,"MIMAT0000389","dme-miR-31b","gucgauaaggcuguagaacggu",NA,NA,NA,"uggcaagaugucggaauagcug"
"47",34856,"MIMAT0000390","dme-miR-304","gaguguaaauguuuaacucuaau","N",NA,NA,"uaaucucaauuuguaaaugugag"
"48",35770,"MIMAT0000391","dme-miR-305","gucucguggacuacuucauguua",NA,NA,NA,"auuguacuucaucaggugcucug"
"49",36940,"MIMAT0000392","dme-miR-9c","agaugucgaucuuaugguuucu","X",NA,NA,"ucuuugguauucuagcuguaga"
"50",38412,"MIMAT0000393","dme-miR-306","aacucucagugauucauggacu","D",NA,NA,"ucagguacuuagugacucucaa"
"51",38721,"MIMAT0000395","dme-miR-9b","guaugucgauuuuagugguuucu",NA,NA,NA,"ucuuuggugauuuuagcuguaug"
"52",40285,"MIMAT0000396","dme-let-7","ugauauguuggaugauggagu","X",NA,NA,"ugagguaguagguuguauagu"
"53",40602,"MIMAT0000397","dme-miR-125","aguguucaaucccagagucccu","N",NA,NA,"ucccugagacccuaacuuguga"
"54",40682,"MIMAT0000398","dme-miR-307","gagugaguuccuccaacacu",NA,NA,NA,"ucacaaccuccuugagugag"
"55",40999,"MIMAT0000399","dme-miR-308","gagugucauauuaggacacuaa","L",NA,NA,"aaucacaggauuauacugugag"
"56",41728,"MIMAT0000400","dme-miR-31a","agucgauacggcuguagaacggu","N",NA,NA,"uggcaagaugucggcauagcuga"
"57",42095,"MIMAT0000401","dme-miR-309","auccuguuugaaaugggucacg","N",NA,NA,"gcacuggguaaaguuuguccua"
"58",42390,"MIMAT0000402","dme-miR-310","uuuccggcccuucacacguuau","N",NA,NA,"uauugcacacuucccggccuuu"
"59",43653,"MIMAT0000403","dme-miR-311","aguccggccacuuacacguuau","N",NA,NA,"uauugcacauucaccggccuga"
"60",44933,"MIMAT0000404","dme-miR-312","aguccggcagaguucacguuau","B",NA,NA,"uauugcacuugagacggccuga"
"61",46256,"MIMAT0000405","dme-miR-313","agcccgacacuuuucacguuau","N",NA,NA,"uauugcacuuuucacagcccga"
"62",47558,"MIMAT0000406","dme-miR-314","ggcuugaauaaccgagcuuau","N",NA,NA,"uauucgagccaauaaguucgg"
"63",48321,"MIMAT0000407","dme-miR-315","cgaaagacucguuguuaguuuu","F",NA,NA,"uuuugauuguugcucagaaagc"
"64",51692,"MIMAT0000408","dme-miR-316","gcggucauucgccuuuuucugu","N",NA,NA,"ugucuuuuuccgcuuacuggcg"
"65",53363,"MIMAT0000409","dme-miR-317","ugaccuaugguggucgacacaagu","N",NA,NA,"ugaacacagcuggugguauccagu"
"66",54198,"MIMAT0000410","dme-miR-318","acucuauuuguuucgggucacu","N",NA,NA,"ucacugggcuuuguuuaucuca"
"67",54529,"MIMAT0000411","dme-miR-2c","cggguaguuucgaccgacacuau","N",NA,NA,"uaucacagccagcuuugaugggc"
"68",55217,"MIMAT0000412","dme-miR-iab-4-5p","aguccuauguaagucauaugca",NA,NA,NA,"acguauacugaauguauccuga"
"69",56119,"MIMAT0000413","dme-miR-iab-4-3p","caaugcauaugacuuccauauggc",NA,NA,NA,"cgguauaccuucaguauacguaac"
"70",57022,"MIMAT0005463","dme-miR-iab-4as-5p","gccauauggaagucauaugcauu",NA,NA,NA,"uuacguauacugaagguauaccg"
"71",58122,"MIMAT0005466","dme-miR-955","cugugaguuuggagacgugcuac","N",NA,NA,"caucgugcagagguuugaguguc"
"72",58510,"MIMAT0005467","dme-miR-190","guugguucuuauaguuuguauaga","L",NA,NA,"agauauguuugauauucuugguug"
"73",60315,"MIMAT0005468","dme-miR-193","caacccugaaucauccggucau","D",NA,NA,"uacuggccuacuaagucccaac"
"74",60563,"MIMAT0005469","dme-miR-956","uuaccuaaucucaccagagcuuu","N",NA,NA,"uuucgagaccacucuaauccauu"
"75",61028,"MIMAT0005470","dme-miR-957","cggagucaaaaccugccaaagu","N",NA,NA,"ugaaaccguccaaaacugaggc"
"76",61351,"MIMAT0005471","dme-miR-958","uuucaucuuaucuucuuagagu","D",NA,NA,"ugagauucuucuauucuacuuu"
"77",61944,"MIMAT0005472","dme-miR-375","auugaauucgguuugcuuguuu","D",NA,NA,"uuuguucguuuggcuuaaguua"
"78",63436,"MIMAT0005474","dme-miR-960","cgauacguuagaccuuaugagu","L",NA,NA,"ugaguauuccagauugcauagc"
"79",64456,"MIMAT0005476","dme-miR-962","cugucguaguuaaagagauggaaua","N",NA,NA,"auaagguagagaaauugaugcuguc"
"80",65550,"MIMAT0005477","dme-miR-963","cuuuguuggacuauaaauggaaca","D",NA,NA,"acaagguaaauaucagguuguuuc"
"81",66139,"MIMAT0005478","dme-miR-964","uucaauucgaggggauaagauu","B",NA,NA,"uuagaauaggggagcuuaacuu"
"82",67530,"MIMAT0005479","dme-miR-932","gacguuacgugaugccuuaacu","F",NA,NA,"ucaauuccguagugcauugcag"
"83",68442,"MIMAT0005480","dme-miR-965","uuccccuuuucgauaugcgaau","D",NA,NA,"uaagcguauagcuuuuccccuu"
"84",68925,"MIMAT0005483","dme-miR-1002","agcgggaaacauaggugaugaauu","D",NA,NA,"uuaaguaguggauacaaagggcga"
"85",70349,"MIMAT0005484","dme-miR-968","guugggaaauuaccuaugaugaau",NA,NA,NA,"uaaguaguauccauuaaaggguug"
"86",71338,"MIMAT0005485","dme-miR-969","uuuugaacgaaucaccuugag","F",NA,NA,"gaguuccacuaagcaaguuuu"
"87",71878,"MIMAT0005486","dme-miR-970","uaucggcgcacacagaauacu","N",NA,NA,"ucauaagacacacgcggcuau"
"88",72601,"MIMAT0005487","dme-miR-971","agugacauucuucauugugguu","D",NA,NA,"uugguguuacuucuuacaguga"
"89",73819,"MIMAT0005490","dme-miR-974","uuaugaugaagaaacgagcgaa","N",NA,NA,"aagcgagcaaagaaguaguauu"
"90",74091,"MIMAT0005492","dme-miR-976","cguaacuacuauugauuagguu","N",NA,NA,"uuggauuaguuaucaucaaugc"
"91",75299,"MIMAT0005493","dme-miR-977","aaucuguugcacuuauagagu","X",NA,NA,"ugagauauucacguugucuaa"
"92",76184,"MIMAT0005496","dme-miR-980","auucgggaaguguuccgucgau","D",NA,NA,"uagcugccuugugaagggcuua"
"93",76608,"MIMAT0005497","dme-miR-981","acguccaaagcagcuguugcuu","X",NA,NA,"uucguugucgacgaaaccugca"
"94",77342,"MIMAT0005501","dme-miR-927","ccauuucgcauccuuaagauuu","X",NA,NA,"uuuagaauuccuacgcuuuacc"
"95",78896,"MIMAT0005503","dme-miR-986","agucaguguugcgauaagcucu","N",NA,NA,"ucucgaauagcguugugacuga"
"96",79518,"MIMAT0005504","dme-miR-987","guaguuaggucugauaaaugaaau","N",NA,NA,"uaaaguaaauagucuggauugaug"
"97",81668,"MIMAT0005505","dme-miR-988","cgcacuccaaacguuguucccc","N",NA,NA,"ccccuuguugcaaaccucacgc"
"98",81893,"MIMAT0005506","dme-miR-989","caaggugaugcaguguagugu","N",NA,NA,"ugugaugugacguaguggaac"
"99",82664,"MIMAT0005507","dme-miR-137","gaugcacauaagaguucguuau","L",NA,NA,"uauugcuugagaauacacguag"
"100",84595,"MIMAT0005511","dme-miR-929","guuagacugaggcaaucccuc","N",NA,NA,"cucccuaacggagucagauug"
"101",84832,"MIMAT0005512","dme-miR-993","ucuauggacaucucugcucgaag","N",NA,NA,"gaagcucgucucuacagguaucu"
"102",85124,"MIMAT0005513","dme-miR-994","uagugccgaugauaaaggaauc","N",NA,NA,"cuaaggaaauaguagccgugau"
"103",85984,"MIMAT0005514","dme-miR-995","uucggcuuaguacaccacgau","L",NA,NA,"uagcaccacaugauucggcuu"
"104",86246,"MIMAT0005515","dme-miR-996","ucugcucguacuuuagaucagu","N",NA,NA,"ugacuagauuucaugcucgucu"
"105",86755,"MIMAT0005516","dme-miR-252","gaggacgccgugaucaugaauc","X",NA,NA,"cuaaguacuagugccgcaggag"
"106",88226,"MIMAT0005518","dme-miR-998","cucgacuuagaguaccacgau","N",NA,NA,"uagcaccaugagauucagcuc"
"107",88509,"MIMAT0005519","dme-miR-999","ucugugucagaaugucaauugu","L",NA,NA,"uguuaacuguaagacugugucu"
"108",89797,"MIMAT0005520","dme-miR-1000","ugacgacacuguccuguuaua","D",NA,NA,"auauuguccugucacagcagu"
"109",91326,"MIMAT0005016","dme-miR-1003","gacacuuauacauuuacacucu","N",NA,NA,"ucucacauuuacauauucacag"
"110",92006,"MIMAT0005017","dme-miR-1004","gacacucccuucacuacacucu","N",NA,NA,"ucucacaucacuucccucacag"
"111",92532,"MIMAT0005019","dme-miR-1006","gauacuuauucuuuagcuuaaau","D",NA,NA,"uaaauucgauuucuuauucauag"
"112",94196,"MIMAT0005020","dme-miR-1007","acguuugucaauuaacucgaau","N",NA,NA,"uaagcucaauuaacuguuugca"
"113",94706,"MIMAT0005023","dme-miR-1010","gacguuuaccuugcuauccacuuu","D",NA,NA,"uuucaccuaucguuccauuugcag"
"114",95096,"MIMAT0005024","dme-miR-1011","gacgcucgcuaaacuugguuauu","N",NA,NA,"uuauugguucaaaucgcucgcag"
"115",96571,"MIMAT0005027","dme-miR-1014","gacguuuacuuuuacuuaaaa","N",NA,NA,"aaaauucauuuucauuugcag"
"116",99130,"MIMAT0005030","dme-miR-1017","ccuacucaaacccaucucgaaag","N",NA,NA,"gaaagcucuacccaaacucaucc"
"117",99784,"MIMAT0000117","dme-miR-12","uggucauggacuacauuaugagu","B",NA,NA,"ugaguauuacaucagguacuggu"
"118",100802,"MIMAT0000330","dme-miR-184*","gccccgcucucuuacuauucc",NA,NA,NA,"ccuuaucauucucucgccccg"
"119",101792,"MIMAT0000336","dme-miR-276*","gcauccuugagauauggagcgac",NA,NA,NA,"cagcgagguauagaguuccuacg"
"120",102017,"MIMAT0000343","dme-miR-280","auaguaaaguauacguugcauuuaugu","N",NA,NA,"uguauuuacguugcauaugaaaugaua"
"121",107482,"MIMAT0000344","dme-miR-281-1*","ugacagcugccugucgagagaa",NA,NA,NA,"aagagagcuguccgucgacagu"
"122",107883,"MIMAT0000360","dme-miR-287","cacguuugcuaaaaguugugu","N",NA,NA,"uguguugaaaaucguuugcac"
"123",108916,"MIMAT0000363","dme-miR-288","guacuuuacuuuagcug-uacuuu","N",NA,NA,"uuucau-gucgauuucauuucaug"
"124",110153,"MIMAT0000364","dme-miR-289","ucagcguccgaggugaauuuauaaau","N",NA,NA,"uaaauauuuaaguggagccugcgacu"
"125",116129,"MIMAT0000388","dme-miR-303","uggucaaaggacacuuuggauuu","N",NA,NA,"uuuagguuucacaggaaacuggu"
"126",117373,"MIMAT0000394","dme-miR-306*","cguguccgugucucacuggggg",NA,NA,NA,"gggggucacucugugccugugc"
"127",117567,"MIMAT0005464","dme-miR-iab-4as-3p","auuugcauaugacuuacauagg",NA,NA,NA,"ggauacauucaguauacguuua"
"128",119283,"MIMAT0005465","dme-miR-954","uguguguugcguugugggucu","F",NA,NA,"ucuggguguugcguugugugu"
"129",119800,"MIMAT0005473","dme-miR-959","aaguauuaugggggcuacuguu","N",NA,NA,"uugucaucggggguauuaugaa"
"130",120406,"MIMAT0005475","dme-miR-961","uagagucaaugaccacuaguuu","N",NA,NA,"uuugaucaccaguaacugagau"
"131",121127,"MIMAT0005481","dme-miR-966","ggugugucggguguugggugu","N",NA,NA,"uguggguugugggcugugugg"
"132",122042,"MIMAT0005482","dme-miR-967","gcgaagaggucuccauagaga","F",NA,NA,"agagauaccucuggagaagcg"
"133",122567,"MIMAT0005488","dme-miR-972","cggauuuauaagcauaacaugu","N",NA,NA,"uguacaauacgaauauuuaggc"
"134",125170,"MIMAT0005489","dme-miR-973","uuuuagcuucaaguuggugguuggu","N",NA,NA,"ugguuggugguugaacuucgauuuu"
"135",126204,"MIMAT0005491","dme-miR-975","uauguccuacauccuucacaaau","N",NA,NA,"uaaacacuuccuacauccuguau"
"136",127142,"MIMAT0005494","dme-miR-978","gacguuaaaugccgugaccugu","D",NA,NA,"uguccagugccguaaauugcag"
"137",127451,"MIMAT0005495","dme-miR-979","aaucggacucaagcccuucuu","N",NA,NA,"uucuucccgaacucaggcuaa"
"138",127745,"MIMAT0005498","dme-miR-982","uaaaugaaguauaaacagguccu","N",NA,NA,"uccuggacaaauaugaaguaaau"
"139",127957,"MIMAT0005499","dme-miR-983","aguaaucaagcuuugcauaaua",NA,NA,NA,"auaauacguuucgaacuaauga"
"140",129219,"MIMAT0005500","dme-miR-984","uuuaagguuggcauaaauggagu","N",NA,NA,"ugagguaaauacgguuggaauuu"
"141",129751,"MIMAT0005502","dme-miR-985","acgggcugguaaccuuguaaac","D",NA,NA,"caaauguuccaauggucgggca"
"142",132819,"MIMAT0005508","dme-miR-990","ccgguugagucuugccacuua","N",NA,NA,"auucaccguucugaguuggcc"
"143",133061,"MIMAT0005509","dme-miR-991","ugaaagguuugauguugaaauu","N",NA,NA,"uuaaaguuguaguuuggaaagu"
"144",135716,"MIMAT0005510","dme-miR-992","gaaucauggucuuugcacauga","L",NA,NA,"aguacacguuucugguacuaag"
"145",136348,"MIMAT0010206","dme-miR-995*","gcgucgaggguguauuaagccc",NA,NA,NA,"cccgaauuaugugggagcugcg"
"146",136836,"MIMAT0005517","dme-miR-997","acuuugaggaagcucaaaccc","N",NA,NA,"cccaaacucgaaggaguuuca"
"147",137408,"MIMAT0005521","dme-miR-1001","acuaggaacccucaaaugggu","N",NA,NA,"uggguaaacucccaaggauca"
"148",138113,"MIMAT0005018","dme-miR-1005","gacgcuuaauuucuaaggucu","N",NA,NA,"ucuggaaucuuuaauucgcag"
"149",138776,"MIMAT0005021","dme-miR-1008","acauuuguguuuuucgacacu","N",NA,NA,"ucacagcuuuuuguguuuaca"
"150",139262,"MIMAT0005022","dme-miR-1009","gacuuuacauuguuaaaaacucu","N",NA,NA,"ucucaaaaauuguuacauuucag"
"151",140616,"MIMAT0005025","dme-miR-1012","gauaccccuuuuagaaacugauu","N",NA,NA,"uuagucaaagauuuuccccauag"
"152",141297,"MIMAT0005026","dme-miR-1013","gcucaagccguaugaaaaua","N",NA,NA,"auaaaaguaugccgaacucg"
"153",143346,"MIMAT0005028","dme-miR-1015","gacguucucucuacaggguccu","N",NA,NA,"uccugggacaucucucuugcag"
"154",143525,"MIMAT0005029","dme-miR-1016","gauucauaccucucuccacuu","N",NA,NA,"uucaccucucuccauacuuag"
"155",143754,"MIMAT0011784","dme-miR-2279*","uuaaagugugugucuauaaauu",NA,NA,NA,"uuaaauaucugugugugaaauu"
"156",150541,"MIMAT0011785","dme-miR-2279","uuuauuuauagaagcgcacuuu","N",NA,NA,"uuucacgcgaagauauuuauuu"
"157",150889,"MIMAT0011786","dme-miR-2280","uauaaaauaacgguucgauucu","N",NA,NA,"ucuuagcuuggcaauaaaauau"
"158",151906,"MIMAT0011787","dme-miR-2280*","agucaaucgaaccuucauuuaa",NA,NA,NA,"aauuuacuuccaagcuaacuga"
"159",154125,"MIMAT0011788","dme-miR-2281*","aacguagacgucgacgucuauua",NA,NA,NA,"auuaucugcagcugcagaugcaa"
"160",155188,"MIMAT0011789","dme-miR-2281","cguuaugacgucuaugucuau","N",NA,NA,"uaucuguaucugcaguauugc"
"161",156158,"MIMAT0011790","dme-miR-2282","uaagauaaaaaucgaguggcua","N",NA,NA,"aucggugagcuaaaaauagaau"
"162",156476,"MIMAT0011791","dme-miR-2283","uaacagcauaaguacuauaaaag","N",NA,NA,"gaaaauaucaugaauacgacaau"
"163",162188,"MIMAT0012194","dme-miR-307-as*","gguaguguuggaggaacucacu",NA,NA,NA,"ucacucaaggagguugugaugg"
"164",162712,"MIMAT0012195","dme-miR-307-as","cugagugaguuggacccacacu",NA,NA,NA,"ucacacccagguugagugaguc"
"165",162910,"MIMAT0012196","dme-miR-2489","ugacguuuauguuguauguuau","N",NA,NA,"uauuguauguuguauuugcagu"
"166",166935,"MIMAT0012197","dme-miR-2490","aacguuggacgaaauagcgaagu","L",NA,NA,"ugaagcgauaaagcagguugcaa"
"167",167366,"MIMAT0012198","dme-miR-2491","ucguugacguuuccguugucgc","N",NA,NA,"cgcuguugccuuugcaguugcu"
"168",168649,"MIMAT0012199","dme-miR-2492","aaacuuucgagagcuguuuugua","N",NA,NA,"auguuuugucgagagcuuucaaa"
"169",173266,"MIMAT0012200","dme-miR-2493*","accgacacacacacacacucg",NA,NA,NA,"gcucacacacacacacagcca"
"170",173638,"MIMAT0012201","dme-miR-2493","ugcggagcguguuuaugugugcc","F",NA,NA,"ccguguguauuugugcgaggcgu"
"171",174678,"MIMAT0012202","dme-miR-2494*","aaggguuagaccacgugaaug",NA,NA,NA,"guaagugcaccagauugggaa"
"172",175422,"MIMAT0012203","dme-miR-2494","gaacauucaccuguaaugacccuu","N",NA,NA,"uucccaguaauguccacuuacaag"
"173",175658,"MIMAT0012204","dme-miR-2495","ucagucggguuaacuucacggu","N",NA,NA,"uggcacuucaauugggcugacu"
"174",176166,"MIMAT0012205","dme-miR-2495*","ccgcccguaaaguuaauccacggc",NA,NA,NA,"cggcaccuaauugaaaugcccgcc"
"175",176360,"MIMAT0012206","dme-miR-2496*","augcuaccggagagugugugcgug",NA,NA,NA,"gugcgugugugagaggccaucgua"
"176",177039,"MIMAT0012207","dme-miR-2496","auacgcacacacucacggggcg","N",NA,NA,"gcggggcacucacacacgcaua"
"177",177211,"MIMAT0012208","dme-miR-2497*","uuguugauguaaaacguuacgaaug",NA,NA,NA,"guaagcauugcaaaauguaguuguu"
"178",178574,"MIMAT0012209","dme-miR-2497","gacguuuguaacauuuacaaca","N",NA,NA,"acaacauuuacaauguuugcag"
"179",180433,"MIMAT0012210","dme-miR-2498*","guuuuuauucguauugucggaaau",NA,NA,NA,"uaaaggcuguuaugcuuauuuuug"
"180",181035,"MIMAT0012211","dme-miR-2498","uucauucugcccuuacggucaaa","N",NA,NA,"aaacuggcauucccgucuuacuu"
"181",181478,"MIMAT0012212","dme-miR-2499*","cguaacgcgacugcagaugcgugc",NA,NA,NA,"cgugcguagacgucagcgcaaugc"
"182",181944,"MIMAT0012213","dme-miR-2499","augccugcacuuacaguaggcgua","N",NA,NA,"augcggaugacauucacguccgua"
"183",182415,"MIMAT0012214","dme-miR-2500*","ccauaacauauacacacaaggaaug",NA,NA,NA,"guaaggaacacacauauacaauacc"
"184",183282,"MIMAT0012215","dme-miR-2500","gacuccaggug-uguguuuuagg","N",NA,NA,"ggauuuugugu-guggaccucag"
"185",186308,"MIMAT0012216","dme-miR-2501","aaucggguccgugagguuugaaug","N",NA,NA,"guaaguuuggagugccugggcuaa"
"186",188602,"MIMAT0012217","dme-miR-2501*","uuucuuucaaacuaacguucuca",NA,NA,NA,"acucuugcaaucaaacuuucuuu"
"187",189222,NA,"dme-miR-iab-4",NA,"D",NA,NA,"NA"
"188",189223,NA,"dme-miR-2a-2",NA,"F",NA,NA,"NA"
"189",189224,NA,"dme-miR-4951",NA,"F",NA,NA,"NA"
"190",189225,NA,"dme-miR-307a",NA,"L",NA,NA,"NA"
"191",189226,NA,"dme-miR-2b-1",NA,"L",NA,NA,"NA"
"192",189227,NA,"dme-miR-2b-2",NA,"L",NA,NA,"NA"
"193",189228,NA,"dme-miR-6-2",NA,"L",NA,NA,"NA"
"194",189229,NA,"dme-miR-983-1",NA,"L",NA,NA,"NA"
"195",189230,NA,"dme-miR-10",NA,"N",NA,NA,"NA"
"196",189231,NA,"dme-miR-13b-1",NA,"N",NA,NA,"NA"
"197",189232,NA,"dme-miR-13b-2",NA,"N",NA,NA,"NA"
"198",189233,NA,"dme-miR-2a-1",NA,"N",NA,NA,"NA"
"199",189234,NA,"dme-miR-307b",NA,"N",NA,NA,"NA"
"200",189235,NA,"dme-miR-3642",NA,"N",NA,NA,"NA"
"201",189236,NA,"dme-miR-3643",NA,"N",NA,NA,"NA"
"202",189237,NA,"dme-miR-3644",NA,"N",NA,NA,"NA"
"203",189238,NA,"dme-miR-3645",NA,"N",NA,NA,"NA"
"204",189239,NA,"dme-miR-4966",NA,"N",NA,NA,"NA"
"205",189240,NA,"dme-miR-4968",NA,"N",NA,NA,"NA"
"206",189241,NA,"dme-miR-4969",NA,"N",NA,NA,"NA"
"207",189242,NA,"dme-miR-4976",NA,"N",NA,NA,"NA"
"208",189243,NA,"dme-miR-6-1",NA,"N",NA,NA,"NA"
"209",189244,NA,"dme-miR-6-3",NA,"N",NA,NA,"NA"
"210",189245,NA,"dme-miR-983-2",NA,"N",NA,NA,"NA"
"211",189246,NA,"dme-miR-iab-4as",NA,"N",NA,NA,"NA"
